{
  "classifier_results": {
    "3-domain (in-domain)": {
      "auc": 0.9999981029203644,
      "f1": 0.9995742869306088,
      "precision": 0.9991489361702127,
      "recall": 1.0
    },
    "AdvBench (out-of-domain)": {
      "auc": 0.9330384615384616,
      "f1": 0.2188034188034188,
      "precision": 0.9846153846153847,
      "recall": 0.12307692307692308
    },
    "HarmBench (out-of-domain)": {
      "auc": 0.9561093749999999,
      "f1": 0.4226044226044226,
      "precision": 0.9885057471264368,
      "recall": 0.26875
    }
  }
}