{
  "vp_catllr_ms": 34.4636607170105,
  "rp_ms": 93.00962686538696,
  "dr_ms": 4.011211395263672,
  "total_ms": 131.48449897766113
}