{
  "level_1_labeled": {
    "auc_mean": 0.9311591865868701,
    "auc_std": 0.012390637303152964
  },
  "level_2_unlabeled": {
    "auc_mean": 0.6907613201265285,
    "auc_std": 0.05110963043536557
  },
  "level_3_synthetic": {
    "auc": 0.8995875748872186
  },
  "gap_l1_to_l3_pp": 3.1571611699651503
}