{
  "cv_results": {
    "cat_llr": {
      "mean": 0.9311591865868701,
      "std": 0.012390637303152964,
      "folds": [
        0.9364539007092199,
        0.9217021276595745,
        0.92903073286052,
        0.951994301994302,
        0.916614869710734
      ]
    },
    "raw_ec": {
      "mean": 0.9094250340375132,
      "std": 0.006405660540778423,
      "folds": [
        0.9109219858156028,
        0.8984869976359338,
        0.9134751773049646,
        0.9172364672364672,
        0.9070045421945973
      ]
    },
    "combined_cat_llr_rp_dr": {
      "mean": 0.9139149145038059,
      "std": 0.008150719872229265,
      "folds": [
        0.9148463356973996,
        0.9043498817966902,
        0.9165011820330969,
        0.9273029439696105,
        0.9065742290222328
      ]
    },
    "combined_raw_rp_dr": {
      "mean": 0.9091038570399477,
      "std": 0.008419399782530966,
      "folds": [
        0.9097399527186761,
        0.8973522458628841,
        0.910401891252955,
        0.9231244064577397,
        0.9049007889074827
      ]
    }
  },
  "full_dataset_auc": 0.9145707098492581,
  "three_way_decision": {
    "cost_structure": {
      "C_FN": 10.0,
      "C_FP": 1.0,
      "C_CLARify": 0.5
    },
    "binary": {
      "tp": 1158,
      "fp": 389,
      "fn": 16,
      "tn": 60,
      "cost": 549.0
    },
    "three_way": {
      "tp": 1027,
      "fp": 117,
      "fn": 0,
      "tn": 0,
      "clarify_count": 479,
      "clarify_attack": 147,
      "clarify_safe": 332,
      "cost": 356.5
    },
    "cost_reduction_pct": -35.063752276867035
  }
}