{
  "description": "Axiom semantic ablation: Table 7",
  "config": {
    "method": "CatLLR + 5-fold CV",
    "nli_labels": "{0:C, 1:E, 2:N}",
    "seed": 42
  },
  "conditions": {
    "original": {
      "auc_mean": 0.9311591865868701,
      "auc_std": 0.012390637303152964,
      "per_fold": [
        0.9364539007092199,
        0.9217021276595745,
        0.92903073286052,
        0.951994301994302,
        0.916614869710734
      ]
    },
    "shuffled": {
      "auc_mean": 0.9311591865868701,
      "auc_std": 0.012390637303152964,
      "per_fold": [
        0.9364539007092199,
        0.9217021276595745,
        0.92903073286052,
        0.951994301994302,
        0.916614869710734
      ]
    },
    "random_text": {
      "auc_mean": 0.8220686176285825,
      "auc_std": 0.02014875415160246,
      "per_fold": [
        0.8524822695035462,
        0.7920094562647754,
        0.8308747044917257,
        0.8238841405508072,
        0.8110925173320582
      ]
    },
    "cross_domain": {
      "auc_mean": 0.8896991204166278,
      "auc_std": 0.014502752344112907,
      "per_fold": [
        0.9141843971631206,
        0.8760283687943263,
        0.8739952718676124,
        0.8939696106362773,
        0.8903179536218024
      ]
    }
  },
  "n_vps": 29
}