{
  "description": "Categorical LLR vs Raw E-C (5-fold CV)",
  "catllr": {
    "auc_mean": 0.9311591865868701,
    "auc_std": 0.012390637303152964,
    "per_fold": [
      0.9364539007092199,
      0.9217021276595745,
      0.92903073286052,
      0.951994301994302,
      0.916614869710734
    ]
  },
  "raw_ec": {
    "auc_mean": 0.9094250340375132,
    "auc_std": 0.006405660540778423,
    "per_fold": [
      0.9109219858156028,
      0.8984869976359338,
      0.9134751773049646,
      0.9172364672364672,
      0.9070045421945973
    ]
  },
  "delta_pp": 2.1734152549356955
}