{
  "overall": {
    "auc": 0.9454551663169717,
    "f1": 0.9361169102296452,
    "threshold": -7.470824715208613
  },
  "safe_accuracy": 0.77728285077951,
  "per_category": {
    "ATTACK_ADVERSARIAL": {
      "n": 150,
      "recall": 0.9533333333333334,
      "tp": 143,
      "fn": 7
    },
    "ATTACK_AUDIT": {
      "n": 17,
      "recall": 0.5882352941176471,
      "tp": 10,
      "fn": 7
    },
    "ATTACK_COERCION": {
      "n": 11,
      "recall": 0.9090909090909091,
      "tp": 10,
      "fn": 1
    },
    "ATTACK_COGNITIVE_OVERLOAD": {
      "n": 129,
      "recall": 0.9689922480620154,
      "tp": 125,
      "fn": 4
    },
    "ATTACK_CREDENTIALS": {
      "n": 15,
      "recall": 0.6666666666666666,
      "tp": 10,
      "fn": 5
    },
    "ATTACK_ESCALATION": {
      "n": 10,
      "recall": 1.0,
      "tp": 10,
      "fn": 0
    },
    "ATTACK_HARD": {
      "n": 354,
      "recall": 0.943502824858757,
      "tp": 334,
      "fn": 20
    },
    "ATTACK_JSON_JAILBREAK": {
      "n": 126,
      "recall": 0.9523809523809523,
      "tp": 120,
      "fn": 6
    },
    "ATTACK_LOGIC_NESTING": {
      "n": 121,
      "recall": 0.9834710743801653,
      "tp": 119,
      "fn": 2
    },
    "ATTACK_PATCH": {
      "n": 1,
      "recall": 1.0,
      "tp": 1,
      "fn": 0
    },
    "ATTACK_PROMPT_INJECTION": {
      "n": 149,
      "recall": 0.9932885906040269,
      "tp": 148,
      "fn": 1
    },
    "ATTACK_PROMPT_INjection": {
      "n": 1,
      "recall": 1.0,
      "tp": 1,
      "fn": 0
    },
    "ATTACK_SOCIAL_ENGINEERING": {
      "n": 90,
      "recall": 1.0,
      "tp": 90,
      "fn": 0
    }
  }
}