{
  "per_domain": {
    "Nuc-Fusion": {
      "auc": 0.9443127298523345,
      "precision": 0.9341772151898734,
      "recall": 0.9437340153452686,
      "f1": 0.9389312977099237,
      "tp": 369,
      "fp": 26,
      "fn": 22,
      "cohens_d": 2.509304804596452
    },
    "Fin-Audit": {
      "auc": 0.9486980758052257,
      "precision": 0.9193154034229829,
      "recall": 0.947103274559194,
      "f1": 0.9330024813895782,
      "tp": 376,
      "fp": 33,
      "fn": 21,
      "cohens_d": 2.6202106290636396
    },
    "Med-Intervene": {
      "auc": 0.9561034820102178,
      "precision": 0.928395061728395,
      "recall": 0.9740932642487047,
      "f1": 0.9506953223767383,
      "tp": 376,
      "fp": 29,
      "fn": 10,
      "cohens_d": 2.650407740361604
    }
  },
  "macro_auc": 0.949704762555926,
  "macro_f1": 0.9408763671587467
}