{
  "description": "Paper v2 production run: Table 1, 3, 10 data",
  "config": {
    "nli_model": "cross-encoder/nli-deberta-v3-large",
    "nli_labels": {
      "0": "contradiction",
      "1": "entailment",
      "2": "neutral"
    },
    "vp_file": "violation_patterns_rewritten.json",
    "rp_hypotheses": "top-3 (#1 social_eng, #2 bypass_safety, #11 fabricated_context)",
    "dr_type": "universal (60 synthetic refs)",
    "cv_folds": 5,
    "seed": 42,
    "cost_FN": 10.0,
    "cost_FP": 1.0,
    "derived_threshold": 0.09090909090909091
  },
  "data": {
    "n_queries": 1623,
    "n_safe": 449,
    "n_attack": 1174,
    "n_vps_per_domain": {
      "Nuc-Fusion": 12,
      "Fin-Audit": 11,
      "Med-Intervene": 6
    }
  },
  "cv_results": {
    "catllr_labeled": {
      "auc_mean": 0.9311591865868701,
      "auc_std": 0.012390637303152964,
      "f1_mean": 0.9269502972210397,
      "f1_std": 0.009635171441945973,
      "per_fold_aucs": [
        0.9364539007092199,
        0.9217021276595745,
        0.92903073286052,
        0.951994301994302,
        0.916614869710734
      ]
    },
    "catllr_synthetic": {
      "auc_mean": 0.8997437023506032,
      "auc_std": 0.020676548583061612,
      "f1_mean": 0.9128535801633333,
      "f1_std": 0.015579702973524337,
      "per_fold_aucs": [
        0.9037825059101655,
        0.9127186761229313,
        0.8956973995271867,
        0.9236942070275402,
        0.8628257231651923
      ]
    },
    "raw_ec": {
      "auc_mean": 0.9094250340375132,
      "auc_std": 0.006405660540778423,
      "f1_mean": 0.9023438792593861,
      "f1_std": 0.010206556022439084,
      "per_fold_aucs": [
        0.9109219858156028,
        0.8984869976359338,
        0.9134751773049646,
        0.9172364672364672,
        0.9070045421945973
      ]
    },
    "rp_top3": {
      "auc_mean": 0.8988620012400395,
      "auc_std": 0.007990260837530403,
      "f1_mean": 0.8992629262693199,
      "f1_std": 0.007447929152892396,
      "per_fold_aucs": [
        0.898534278959811,
        0.890307328605201,
        0.8962174940898345,
        0.9139126305792973,
        0.8953382739660531
      ]
    },
    "dr_universal": {
      "auc_mean": 0.7800109601132791,
      "auc_std": 0.02788700668168341,
      "f1_mean": 0.8716115812976026,
      "f1_std": 0.006583307312002279,
      "per_fold_aucs": [
        0.7995744680851062,
        0.7650591016548465,
        0.7922458628841608,
        0.8102564102564103,
        0.7329189576858715
      ]
    },
    "vp_catllr_rp": {
      "auc_mean": 0.9454140693836287,
      "auc_std": 0.010869321645701145,
      "f1_mean": 0.9386295321224789,
      "f1_std": 0.013385764147586457,
      "per_fold_aucs": [
        0.9527659574468084,
        0.9375886524822696,
        0.9428841607565012,
        0.9621557454890789,
        0.9316758307434856
      ]
    },
    "vp_catllr_rp_dr": {
      "auc_mean": 0.9547216343273399,
      "auc_std": 0.009041992475395774,
      "f1_mean": 0.9436643943430985,
      "f1_std": 0.014001106751022311,
      "per_fold_aucs": [
        0.9564066193853428,
        0.9487470449172577,
        0.9560283687943263,
        0.9697056030389364,
        0.9427205355008367
      ]
    },
    "vp_raw_ec_rp_dr": {
      "auc_mean": 0.9513796347945682,
      "auc_std": 0.007957774714388135,
      "f1_mean": 0.9334759454714238,
      "f1_std": 0.010747908566230917,
      "per_fold_aucs": [
        0.9444444444444444,
        0.943451536643026,
        0.9578723404255319,
        0.9635802469135802,
        0.9475496055462587
      ]
    }
  },
  "fold_details": [
    {
      "fold": 1,
      "n_test": 325,
      "metrics": {
        "catllr_labeled": {
          "auc": 0.9364539007092199,
          "f1": 0.923728813559322,
          "precision": 0.919831223628692,
          "recall": 0.9276595744680851,
          "tp": 218,
          "fp": 19,
          "fn": 17,
          "tn": 71
        },
        "catllr_synthetic": {
          "auc": 0.9037825059101655,
          "f1": 0.9017094017094016,
          "precision": 0.9055793991416309,
          "recall": 0.8978723404255319,
          "tp": 211,
          "fp": 22,
          "fn": 24,
          "tn": 68
        },
        "raw_ec": {
          "auc": 0.9109219858156028,
          "f1": 0.8893203883495145,
          "precision": 0.8178571428571428,
          "recall": 0.9744680851063829,
          "tp": 229,
          "fp": 51,
          "fn": 6,
          "tn": 39
        },
        "rp_top3": {
          "auc": 0.898534278959811,
          "f1": 0.8916155419222904,
          "precision": 0.8582677165354331,
          "recall": 0.9276595744680851,
          "tp": 218,
          "fp": 36,
          "fn": 17,
          "tn": 54
        },
        "dr_universal": {
          "auc": 0.7995744680851062,
          "f1": 0.874296435272045,
          "precision": 0.7818791946308725,
          "recall": 0.9914893617021276,
          "tp": 233,
          "fp": 65,
          "fn": 2,
          "tn": 25
        },
        "vp_catllr_rp": {
          "auc": 0.9527659574468084,
          "f1": 0.9341563786008229,
          "precision": 0.9043824701195219,
          "recall": 0.9659574468085106,
          "tp": 227,
          "fp": 24,
          "fn": 8,
          "tn": 66
        },
        "vp_catllr_rp_dr": {
          "auc": 0.9564066193853428,
          "f1": 0.9376344086021504,
          "precision": 0.9478260869565217,
          "recall": 0.9276595744680851,
          "tp": 218,
          "fp": 12,
          "fn": 17,
          "tn": 78
        },
        "vp_raw_ec_rp_dr": {
          "auc": 0.9444444444444444,
          "f1": 0.9260042283298098,
          "precision": 0.9201680672268907,
          "recall": 0.9319148936170213,
          "tp": 219,
          "fp": 19,
          "fn": 16,
          "tn": 71
        }
      }
    },
    {
      "fold": 2,
      "n_test": 325,
      "metrics": {
        "catllr_labeled": {
          "auc": 0.9217021276595745,
          "f1": 0.9250535331905781,
          "precision": 0.9310344827586207,
          "recall": 0.9191489361702128,
          "tp": 216,
          "fp": 16,
          "fn": 19,
          "tn": 74
        },
        "catllr_synthetic": {
          "auc": 0.9127186761229313,
          "f1": 0.9350104821802935,
          "precision": 0.9214876033057852,
          "recall": 0.948936170212766,
          "tp": 223,
          "fp": 19,
          "fn": 12,
          "tn": 71
        },
        "raw_ec": {
          "auc": 0.8984869976359338,
          "f1": 0.9012345679012346,
          "precision": 0.8725099601593626,
          "recall": 0.9319148936170213,
          "tp": 219,
          "fp": 32,
          "fn": 16,
          "tn": 58
        },
        "rp_top3": {
          "auc": 0.890307328605201,
          "f1": 0.8951612903225807,
          "precision": 0.8505747126436781,
          "recall": 0.9446808510638298,
          "tp": 222,
          "fp": 39,
          "fn": 13,
          "tn": 51
        },
        "dr_universal": {
          "auc": 0.7650591016548465,
          "f1": 0.8705882352941177,
          "precision": 0.8072727272727273,
          "recall": 0.9446808510638298,
          "tp": 222,
          "fp": 53,
          "fn": 13,
          "tn": 37
        },
        "vp_catllr_rp": {
          "auc": 0.9375886524822696,
          "f1": 0.9339019189765457,
          "precision": 0.9358974358974359,
          "recall": 0.9319148936170213,
          "tp": 219,
          "fp": 15,
          "fn": 16,
          "tn": 75
        },
        "vp_catllr_rp_dr": {
          "auc": 0.9487470449172577,
          "f1": 0.9414225941422595,
          "precision": 0.9259259259259259,
          "recall": 0.9574468085106383,
          "tp": 225,
          "fp": 18,
          "fn": 10,
          "tn": 72
        },
        "vp_raw_ec_rp_dr": {
          "auc": 0.943451536643026,
          "f1": 0.9293361884368309,
          "precision": 0.9353448275862069,