{
  "description": "Generalization benchmark with CatLLR",
  "advbench": {
    "VP_CatLLR_only": {
      "auc": 0.9643750000000001,
      "f1": 0.9466666666666667,
      "precision": 0.9377358490566038,
      "recall": 0.9557692307692308
    },
    "RP_CatLLR_only": {
      "auc": 0.9708365384615385,
      "f1": 0.944547134935305,
      "precision": 0.9092526690391459,
      "recall": 0.9826923076923076
    },
    "VP_CatLLR + RP_CatLLR": {
      "auc": 0.989125,
      "f1": 0.9730769230769231,
      "precision": 0.9730769230769231,
      "recall": 0.9730769230769231
    },
    "VP_CatLLR + RP_CatLLR + DR": {
      "auc": 0.9964807692307692,
      "f1": 0.9836065573770492,
      "precision": 0.9864603481624759,
      "recall": 0.9807692307692307
    },
    "RP_raw_only": {
      "auc": 0.9671923076923078,
      "f1": 0.9445506692160612,
      "precision": 0.9391634980988594,
      "recall": 0.95
    }
  },
  "harmbench": {
    "VP_CatLLR_only": {
      "auc": 0.8668906249999999,
      "f1": 0.8325925925925926,
      "precision": 0.7915492957746478,
      "recall": 0.878125
    },
    "RP_CatLLR_only": {
      "auc": 0.9486718749999999,
      "f1": 0.9176829268292683,
      "precision": 0.8958333333333334,
      "recall": 0.940625
    },
    "VP_CatLLR + RP_CatLLR": {
      "auc": 0.9425468750000001,
      "f1": 0.890190336749634,
      "precision": 0.837465564738292,
      "recall": 0.95
    },
    "VP_CatLLR + RP_CatLLR + DR": {
      "auc": 0.95846875,
      "f1": 0.9090909090909091,
      "precision": 0.9283387622149837,
      "recall": 0.890625
    },
    "RP_raw_only": {
      "auc": 0.9513906249999999,
      "f1": 0.926605504587156,
      "precision": 0.907185628742515,
      "recall": 0.946875
    }
  }
}