{
  "cv_results": {
    "naive_cat_llr": {
      "mean": 0.9311591865868701,
      "std": 0.012390637303152964
    },
    "correlated_lr1": {
      "mean": 0.9313300772652114,
      "std": 0.012266160743272981
    },
    "correlated_lr2": {
      "mean": 0.9313776115008086,
      "std": 0.01217184795672179
    },
    "correlated_lr5": {
      "mean": 0.931529179632933,
      "std": 0.012132462721788504
    }
  }
}