{
  "version": "2.0",
  "created": "2026-05-29T20:13:42.272397",
  "n_axioms": 45,
  "nli_model": "cross-encoder/nli-deberta-v3-large",
  "domains": [
    "Nuc-Fusion",
    "Fin-Audit",
    "Med-Intervene",
    "Net-Security",
    "Auto-Vehicle",
    "Ind-Control",
    "Aviation",
    "Chem-Pro",
    "Data-Priv",
    "Power"
  ],
  "description": "Per-axiom Gaussian LLR stats (v2: corrected NLI model + train-only + consequence premise)",
  "axiom_stats": {
    "NUC_ROOT_001": {
      "safe_mean": 0.8082310033810198,
      "safe_std": 0.31538965693125887,
      "atk_mean": 0.6588368744008352,
      "atk_std": 0.3988587207465003,
      "cd": -0.41549783863893747,
      "precision": 0.41549783863893747,
      "rigidity": 10.0,
      "n_safe": 295,
      "n_atk": 420
    },
    "NUC_ROOT_002": {
      "safe_mean": 0.7516580328529787,
      "safe_std": 0.3199757779538734,
      "atk_mean": 0.37296906182125983,
      "atk_std": 0.44018448745313904,
      "cd": -0.984110967167518,
      "precision": 0.984110967167518,
      "rigidity": 6.0,
      "n_safe": 295,
      "n_atk": 420
    },
    "NUC_PHY_001": {
      "safe_mean": 0.7894494745696863,
      "safe_std": 0.3722491280668763,
      "atk_mean": 0.36217968569286485,
      "atk_std": 0.45062558932315394,
      "cd": -1.033802029329365,
      "precision": 1.033802029329365,
      "rigidity": 7.5,
      "n_safe": 295,
      "n_atk": 420
    },
    "NUC_PHY_002": {
      "safe_mean": 0.9632594399785591,
      "safe_std": 0.13448868842010397,
      "atk_mean": 0.9250437477280468,
      "atk_std": 0.2167012269572827,
      "cd": -0.2119065246164958,
      "precision": 0.2119065246164958,
      "rigidity": 3.0,
      "n_safe": 295,
      "n_atk": 420
    },
    "NUC_PROC_001": {
      "safe_mean": 0.9309909766192659,
      "safe_std": 0.18083533589611364,
      "atk_mean": 0.8383100411377157,
      "atk_std": 0.2927542486091112,
      "cd": -0.3809058915665333,
      "precision": 0.3809058915665333,
      "rigidity": 3.0,
      "n_safe": 295,
      "n_atk": 420
    },
    "NUC_PROC_002": {
      "safe_mean": 0.47207129881164783,
      "safe_std": 0.4031585413435505,
      "atk_mean": 0.8150348028728505,
      "atk_std": 0.3190839557753667,
      "cd": 0.9433483912618471,
      "precision": 0.9433483912618471,
      "rigidity": 3.0,
      "n_safe": 295,
      "n_atk": 420
    },
    "NUC_AUTH_001": {
      "safe_mean": 0.5018348127365521,
      "safe_std": 0.4036886730565141,
      "atk_mean": 0.37407343675282995,
      "atk_std": 0.43818575294504153,
      "cd": -0.3032619739282441,
      "precision": 0.3032619739282441,
      "rigidity": 3.0,
      "n_safe": 295,
      "n_atk": 420
    },
    "NUC_DATA_001": {
      "safe_mean": 0.8424891630007089,
      "safe_std": 0.32185839476711414,
      "atk_mean": 0.6485845642333775,
      "atk_std": 0.44829736488967853,
      "cd": -0.49689460669866503,
      "precision": 0.49689460669866503,
      "rigidity": 3.0,
      "n_safe": 295,
      "n_atk": 420
    },
    "NUC_EXT_001": {
      "safe_mean": 0.713435858740645,
      "safe_std": 0.36402959388172146,
      "atk_mean": 0.7555019606649217,
      "atk_std": 0.38730223714146905,
      "cd": 0.11192374439660199,
      "precision": 0.11192374439660199,
      "rigidity": 3.0,
      "n_safe": 295,
      "n_atk": 420
    },
    "NUC_LEG_001": {
      "safe_mean": 0.9444835387296596,
      "safe_std": 0.15394173476351336,
      "atk_mean": 0.8286403097889066,
      "atk_std": 0.3347523114406584,
      "cd": -0.44463563507514403,
      "precision": 0.44463563507514403,
      "rigidity": 3.0,
      "n_safe": 295,
      "n_atk": 420
    },
    "NUC_META_001": {
      "safe_mean": 0.32857995471617174,
      "safe_std": 0.3686509055896608,
      "atk_mean": 0.19747006292022673,
      "atk_std": 0.33243838531898706,
      "cd": -0.3735197434544176,
      "precision": 0.3735197434544176,
      "rigidity": 10.0,
      "n_safe": 295,
      "n_atk": 420
    },
    "NUC_META_002": {
      "safe_mean": 0.03501760279286211,
      "safe_std": 0.05600886262764425,
      "atk_mean": 0.07178574293384805,
      "atk_std": 0.1061314684514466,
      "cd": 0.4333034229721376,
      "precision": 0.4333034229721376,
      "rigidity": 10.0,
      "n_safe": 295,
      "n_atk": 420
    },
    "NUC_META_003": {
      "safe_mean": 0.9995680833266953,
      "safe_std": 0.01,
      "atk_mean": 0.9871944131479332,
      "atk_std": 0.10033831618831233,
      "cd": -0.17439504822703492,
      "precision": 0.17439504822703492,
      "rigidity": 10.0,
      "n_safe": 295,
      "n_atk": 420
    },
    "FIN_ROOT_001": {
      "safe_mean": 0.036524153469719364,
      "safe_std": 0.1790962634781884,
      "atk_mean": 0.05658314021698665,
      "atk_std": 0.21872209763793135,
      "cd": 0.10034836566294447,
      "precision": 0.10034836566294447,
      "rigidity": 9.0,
      "n_safe": 342,
      "n_atk": 399
    },
    "FIN_ROOT_002": {
      "safe_mean": 0.9964469090670521,
      "safe_std": 0.05302197719079123,
      "atk_mean": 0.9728324308456476,
      "atk_std": 0.14053277424321453,
      "cd": -0.2223392771760461,
      "precision": 0.2223392771760461,
      "rigidity": 9.0,
      "n_safe": 342,
      "n_atk": 399
    },
    "FIN_DATA_001": {
      "safe_mean": 0.050683401227855175,
      "safe_std": 0.19813160772818997,
      "atk_mean": 0.03817574016788409,
      "atk_std": 0.17135166954649939,
      "cd": -0.0675263947614348,
      "precision": 0.1,
      "rigidity": 4.5,
      "n_safe": 342,
      "n_atk": 399
    },
    "FIN_FACT_002": {
      "safe_mean": 0.9995871960071095,
      "safe_std": 0.01,
      "atk_mean": 0.9307935245266244,
      "atk_std": 0.2274765935057232,
      "cd": -0.4276803102213512,
      "precision": 0.4276803102213512,
      "rigidity": 3.0,
      "n_safe": 342,
      "n_atk": 399
    },
    "FIN_PROC_001": {
      "safe_mean": 0.8144468403104264,
      "safe_std": 0.3304236093813769,
      "atk_mean": 0.6801273607900093,
      "atk_std": 0.40288248287736533,
      "cd": -0.36456404436964024,
      "precision": 0.36456404436964024,
      "rigidity": 3.0,
      "n_safe": 342,
      "n_atk": 399
    },
    "FIN_PROC_002": {
      "safe_mean": 0.7015642093638181,
      "safe_std": 0.3413974189969975,
      "atk_mean": 0.737607735805139,
      "atk_std": 0.3102423242991365,
      "cd": 0.11049787121984592,
      "precision": 0.11049787121984592,
      "rigidity": 3.0,
      "n_safe": 342,
      "n_atk": 399
    },
    "FIN_AUTH_001": {
      "safe_mean": 0.7701820123665667,
      "safe_std": 0.35068881017619197,
      "atk_mean": 0.7684873021058629,
      "atk_std": 0.37930647935541495,
      "cd": -0.004639508037771537,
      "precision": 0.1,
      "rigidity": 3.0,
      "n_safe": 342,
      "n_atk": 399
    },
    "FIN_SEC_001": {
      "safe_mean": 0.39746396513846405,
      "safe_std": 0.36702366555559174,
      "atk_mean": 0.6120335735686742,
      "atk_std": 0.3562758633964684,
      "cd": 0.5932422584953037,
      "precision": 0.5932422584953037,
      "rigidity": 3.0,
      "n_safe": 342,
      "n_atk": 399
    },
    "FIN_REP_001": {
      "safe_mean": 0.2396975997959908,
      "safe_std": 0.4053806506954677,
      "atk_mean": 0.2696323577836889,
      "atk_std": 0.408002918011347,
      "cd": 0.07360513170674046,
      "precision": 0.1,
      "rigidity": 3.0,
      "n_safe": 342,
      "n_atk": 399
    },
    "FIN_KYC_001": {
      "safe_mean": 0.17882976085253197,
      "safe_std": 0.3603840297977681,
      "atk_mean": 0.3091430218144633,
      "atk_std": 0.42485404365995794,
      "cd": 0.3307946058076203,
      "precision": 0.3307946058076203,
      "rigidity": 3.0,
      "n_safe": 342,
      "n_atk": 399
    },
    "FIN_AUD_001": {
      "safe_mean": 0.9967655616632679,
      "safe_std": 0.04614305262527173,
      "atk_mean": 0.9620276113865864,
      "atk_std": 0.17524318699323416,
      "cd": -0.2710952252279764,
      "precision": 0.2710952252279764,
      "rigidity": 9.0,
      "n_safe": 342,